{
    "loss": 2.2131879329681396,
    "accuracy": 0.5333333611488342
}